# query=シェイプキー total=34,472 sort=wish_list
rank	id	list_price	wish_lists_count	category	name
1	7065385	1000	11217	3Dツール・システム	食い込みシェイプメーカー Kuikomi S...
2	6559254	500	12236	3Dテクスチャ	✨大型アップデート✨姉ミルティナ✧メイク・ア...
3	6802411	600	3005	3Dツール・システム	ADDHARD-Komano Shapeke...
4	7041293	1800	2000	3Dツール・システム	ADDHARD-Minase Shapeke...
5	8503652	800	7693	3Dキャラクター	コマネ - Komane -
6	6857275	500	6100	3Dテクスチャ	イケ女しなのメイク・アイテクスチャ+ブレンド...
7	7436262	1200	1700	3Dツール・システム	ADDHARD-Shinra Shapeke...
8	7512300	1200	1357	3Dツール・システム	【ラシューシャ】Shapekey Plus ...
9	6378240	500	4083	3Dテクスチャ	✨大型アップデート✨姉しなの✧メイクテクスチ...
10	7574836	1200	2013	3Dモデル（その他）	Lapwing🪽１００人に聞いた！追加シェイ...
11	7378370	1200	1530	3Dテクスチャ	ADDHARD-Rurune Shapeke...
12	7335736	2400	1916	3Dキャラクター	森羅用追加シェイプキー246種類// 추가 ...
13	7924874	1200			ADDHARD-Hanka Shapekey...
14	6580186	1200			Shapekey Add-on for Ku...
15	6782714	800			【無料版あり】Komano Shapekey...
16	8547521	1500			【衣装変換のあと直し】「メッシュいじ～る」U...
17	6596773	350			⯎ Milltina :: ミルティナ ⯎ ...
18	7340559	500			姉イチゴ✧メイク・アイ・舌テクスチャ✧Ich...
19	7290530	300			【Free】Milltina Face Plus
20	7514895	2800			[ Alué（アルエ) ] +394 Fac...
21	7074770	1200			『Avatar Blink Fix』表情改変...
22	7211713	300			【キプフェル Kipfel】おおきなおくち！...
23	7999931	500			【クマリ対応】スリムなおへそとおなかの追加シ...
24	7388627	300			【Free】Shinano Face Plus
25	8643321	1500			Blenderアドオン：中間シェイプの作成＆...
26	7381175	1800			【狛乃専用】 追加シェイプキー300種 /추...
27	7963123	500			クマリお姉さんPrefab＋表情アニメーショ...
28	7353579	300			【Free】Ichigo Face Plus
29	4838769	400			『Lasyusha,ラシューシャ』Face ...
30	8417594	900			真冬専用追加シェイプキー
31	7069697	1000			凪用 追加シェイプキーセット「Nagi Bl...
32	7662460	1200			ADDHARD-Shinano Shapek...
33	6916384	800			ADDHARD-こどもくうた-infanti...
34	7966576	1200			ADDHARD-Sio Shapekey 『...
35	8181799	350			【しなの/Shinano】Milkyway ...
36	7404965	700			ねむたげもさもさヘア【6アバター対応】
37	6509949	300			【Chocolat/ショコラ】おおきなおくち...
38	3404894	700			清楚ボブヘア【フリーシェイプキー付】
39	7264090	300			【Alué専用】Alué 追加シェイプキー
40	7539706	500			 ✨大型アップデート✨姉愛莉✧メイク・アイテ...
41	3822566	800			✨PB対応✨【汎用ヘアー】ピュアボブヘアーP...
42	8164045	300			デカしなのver2.0 update💖✦ S...
43	7338212	300			【Free】Airi Face Plus
44	7924603	1500			【オリジナル3Dモデル】Nakiya〈泣夜〉
45	4534513	800			わんぱくショート【まめひなた用】
46	6099566	800			Kemono Blend Shapes
47	8109328	300			⟡ ݁₊ . 儚げ Face pack / ...
48	7845196	300			【愛莉-Airi】Face Blendsha...
49	5337174	450			『萌, Moe』Face シェイプキー ,F...
50	3762788	800			清楚ひめヘア Hime Hair Cut【フ...
51	3893746	200			Aviator サングラス 2.0 【シェイ...
52	1936561	2800			【Lazy Shapekeys】シェイプキー...
53	3988236	900			お嬢さまヘア【フリーシェイプキー付】
54	8089336	800			【森羅専用】追加シェイプキー拡張パックVol...
55	8527570	500			【無料/Free】ショコラ専用 追加 Bod...
56	3654188	900			東京女子ヘア【フリーシェイプキー付】
57	8160477	300			✦ Milltina お姉さんミルティナにな...
58	6653525	1200			Milltina's Transfur Set
59	7854668	400			【Chalo専用 】✨メロ髪シェイプキー＋耳...
60	5300024	1750			[変形シェイプキーつき]可変義手 CANNO...
