rank	id	list_price	wish_lists_count	name
1	8025925	2000	6967	【Blender不要】簡単に太ももやお尻をぷ...
2	8807967	100	3336	【無料】松川怒りの揺れボーン自動生成 ｜ 骨...
3	7920768	300	190	【blender不要】超お手軽マテリアル分割...
4	7657840	2500	51411	もちふぃった～
5	7957016	500	77	【Blender不要】お手軽UV編集キット【...
6	8747988	500	50	〖VRChat〗衣装の貫通をUnityで直接...
7	8728459	1500	14	【VRChat/Unity】Mesh Ble...
8	4906631	1000	15566	【デルタフレア】オリジナル3Dモデル
9	6571299	2000	27143	ミルフィ Milfy / オリジナル3Dモデル
10	8825042	2000	5	【Blender不要】ホネピタ - 非対応ア...
11	5392035	800	6786	メカクレセンターパート
12	1333754	500	10313	CyberCat2.0【オリジナル3Dモデル】
13	7521999	900	16094	🐾🎀【19アバター対応】 Esmera 🎀🐾
14	7682496	500	5492	ロコナ・Rokona / オリジナル3Dモデル
15	4130652	1000	8480	華ポニテVer.1.07
